data_loss,penalty,gradient_norm,samples,updates,training_seconds,seconds_per_update,epoch,lr,probe_mse,val_mse,val_mae,val_tail_mse,early_stop_counter,seconds
0.15854657394047417,0.0,3.1552865637962992,6399,200,46.137830299907364,0.2306891514995368,1,0.0001,179949.0391423937,138359.80810191104,275.1575244862856,789714.2625912661,0,77.78353059990332
0.14906700888110416,0.0,1.8511003386878115,6399,200,46.67310739995446,0.2333655369997723,2,0.0001,168996.01675027743,137793.4786153964,287.4267252784112,651622.9137699225,0,78.56383210001513
0.1441442322193066,0.0,1.539224880274513,6399,200,46.35468760004733,0.23177343800023664,3,0.0001,167296.40757348386,140562.44733894945,270.2108534689086,865839.6526993354,1,77.53084660007153
0.14004259142556183,0.0,1.2976332839540896,6399,200,46.570132899913006,0.23285066449956504,4,0.0001,180505.45088194014,142220.31300754184,295.024999381496,575250.7013746988,2,77.89229309989605
0.13695249130553794,0.0,1.2614320560128596,6399,200,46.969116599997506,0.23484558299998753,5,0.0001,166901.25200329328,135312.91195579403,273.13607113463877,740671.3872681543,0,79.268777799909
0.13308374451212543,0.0,1.3352480832299847,6399,200,46.88071419997141,0.23440357099985704,6,0.0001,165151.1233618385,135602.45344074778,287.9443317986655,613647.4194800438,1,78.47605339996517
0.13169827036807585,0.0,1.3150461035467385,6399,200,46.7808473999612,0.233904236999806,7,0.0001,160345.34842144186,133923.60748441078,273.67565224875307,740475.4400887068,0,78.81487320002634
0.1241375318833032,0.0,1.2104721042646063,6399,200,47.06820870004594,0.23534104350022972,8,0.0001,145224.516967246,136140.1890099765,267.20630462732265,768698.7260077434,1,78.8478260000702
0.12007550917736688,0.0,1.3197564717415873,6399,200,47.17881640000269,0.23589408200001344,9,0.0001,153166.59231268617,133514.9107010918,271.8642999775664,717884.6138306156,0,79.40158810000867
0.11520061310576306,0.0,1.3946707674030128,6399,200,47.129121600068174,0.23564560800034087,10,0.0001,131340.84454738462,136758.11835353088,288.0360428078763,587707.3199287896,1,79.18552920001093
0.10665397742737838,0.0,1.4926398524748825,6399,200,47.005998600041494,0.23502999300020747,11,0.0001,115769.04082670786,135111.09781796584,279.0279135772341,635133.6129007213,2,78.84700210008305
0.09649460874926512,0.0,1.582871529794339,6399,200,47.180688399937935,0.23590344199968968,12,0.0001,100717.89259871484,146582.68912883123,274.353295364088,839656.6330938947,3,78.91553769994061
0.08580389586592405,0.0,1.6304412500712329,6399,200,47.30042250000406,0.2365021125000203,13,0.0001,69566.17191370347,153996.56651049104,290.3247392499127,594407.6944848306,4,79.40643969993107
0.07743257196839293,0.0,1.6939650101959998,6399,200,47.232187100104056,0.23616093550052028,14,0.0001,79001.48874529637,154578.8486817129,300.7178695109651,565236.1973822113,5,79.34142780001275
0.06600205474367951,0.0,1.6629287517293436,6399,200,47.14432870002929,0.23572164350014646,15,0.0001,71711.47186487511,166011.2061672275,311.27866884022484,523747.73775343585,6,78.64905610005371
0.05663448132949765,0.0,1.5836620282668434,6399,200,47.348354999907315,0.23674177499953658,16,0.0001,61360.12702470036,151616.75200682005,290.6885628316952,631871.317118244,7,79.09792019997258
0.04960242360143349,0.0,1.4817081189086836,6399,200,47.6045248999726,0.238022624499863,17,0.0001,41785.66489882798,147840.64616970692,289.29465898302686,602081.7611925871,8,79.44798880000599
0.04184808121551108,0.0,1.385481805430022,6399,200,47.32731939991936,0.2366365969995968,18,0.0001,31258.8725805477,142620.80791984458,278.67094153897807,667303.0279451093,9,79.19730949995574
0.03747826066906362,0.0,1.3108012329014267,6399,200,47.18212179990951,0.23591060899954755,19,0.0001,28950.744529318155,139612.12931417808,272.8143641684387,721275.4368754115,10,79.28738789993804
0.032772003681003636,0.0,1.2374150100131636,6399,200,47.74046890006866,0.2387023445003433,20,0.0001,11603.053852941348,152094.8020980018,288.0463650678138,644861.5215457623,11,79.73147380002774
0.029710498533515393,0.0,1.1900897687274894,6399,200,47.24198149994481,0.23620990749972406,21,0.0001,24383.484322305223,144024.1990826198,273.5636542955871,737507.061074918,12,78.98555270000361
0.0264224274450592,0.0,1.0907274892810728,6399,200,47.43782170000486,0.2371891085000243,22,0.0001,10989.049232184381,137414.19251436862,272.1390028805492,687320.6800180655,13,72.82538030005526
0.021830995521551964,0.0,0.9657327719714089,6399,200,44.861228800029494,0.22430614400014748,23,0.0001,12540.611645928937,144064.25259159406,279.2654303138156,714514.4769658425,14,76.32450720004272
0.019037253206376666,0.0,0.9192013376457814,6399,200,47.03284600004554,0.23516423000022768,24,0.0001,9543.825298722142,137134.4844061169,272.1334110767429,692767.5098968336,15,78.42138219997287
0.01798411495541881,0.0,0.8995160070143249,6399,200,46.76314459997229,0.23381572299986148,25,0.0001,5671.868983787781,141798.9774137195,276.77933073160455,700821.4652678248,16,78.41197509993799
0.017387408179383515,0.0,0.920023946864433,6399,200,49.105575400055386,0.24552787700027692,26,0.0001,8106.344396246907,141127.18532633866,271.4320722043277,765158.8693095117,17,83.10850560001563
0.015395158269885939,0.0,0.8239747832589778,6399,200,49.344735399936326,0.24672367699968162,27,0.0001,7231.468138915738,137766.03361459056,271.38237634830966,716235.3915708915,18,80.69668819999788
0.015349377849420387,0.0,0.8256273513621997,6399,200,47.33588069991674,0.23667940349958372,28,0.0001,9282.07811354589,138516.5839087742,274.1150938986636,688756.315180821,19,79.3556015000213
0.014728656940164802,0.0,0.8278996830971304,6399,200,47.46315919992048,0.23731579599960242,29,0.0001,16294.648764979578,142341.09452627288,275.14533345739045,716405.6510560111,20,79.062526899972
0.013887801182004843,0.0,0.7888234845435007,6399,200,47.93062780005857,0.23965313900029286,30,0.0001,7788.828171122939,137778.77160044413,274.9854296507362,644651.1780816569,21,79.68193079996854
0.013276185134571955,0.0,0.7720371508173688,6399,200,49.27951389993541,0.24639756949967706,31,0.0001,6037.779884100908,140640.65514264928,276.05665029186457,669610.5943991507,22,82.57517039997038
0.013111982200634429,0.0,0.7562664258968532,6399,200,48.16029230004642,0.2408014615002321,32,0.0001,7100.260537263194,136517.29989176252,272.1197298255041,667824.6874129494,23,81.16202769998927
0.01300831266150298,0.0,0.7539790662207561,6399,200,48.28081699996255,0.24140408499981278,33,0.0001,7300.387863828841,142850.95784848754,276.8285373800684,686229.407515555,24,81.2368558999151
0.012325289398964098,0.0,0.7308671022149771,6399,200,47.546863900031894,0.23773431950015947,34,0.0001,6144.960134061557,134890.84255596402,267.89684003230474,703730.8258637538,25,78.86800400004722
0.012744618503917966,0.0,0.7347934902663321,6399,200,46.474383800057694,0.23237191900028847,35,0.0001,5670.428369585649,134191.36445723055,272.2725688709745,633005.1525898853,26,77.29167760000564
0.0116586616243109,0.0,0.6835295620464672,6399,200,47.08381109999027,0.23541905549995135,36,0.0001,5506.80905221505,135206.60310177464,269.5214900002024,688749.1782965802,27,77.87902160000522
0.011084460295636329,0.0,0.6672600227765473,6399,200,47.412727599963546,0.23706363799981772,37,0.0001,8163.873347141547,133731.8626957378,270.044854257424,654708.4021645461,28,81.04469499993138
0.010397064811089441,0.0,0.6353789501365401,6399,200,46.96552650001831,0.23482763250009156,38,0.0001,6451.830266783743,134212.48419773128,266.20362794855725,725024.5182225826,29,78.42775630007964
0.011340693065488457,0.0,0.6931265420731867,6399,200,46.8727377000032,0.234363688500016,39,0.0001,11776.022772378454,134877.0510638282,271.4251569923577,636120.1660100452,30,78.83917870000005
0.011316231148789867,0.0,0.6749859730010788,6399,200,46.81326510000508,0.2340663255000254,40,0.0001,5183.176116005597,133405.7906370692,265.13774661651,715903.4271999416,31,78.23096180008724
0.010829350382690993,0.0,0.6559914118391872,6399,200,46.86700040008873,0.23433500200044363,41,0.0001,4917.186087290038,135065.51580716795,268.22094751547456,694749.8324865456,32,77.95394580007996
0.009633398764459077,0.0,0.6104188774192073,6399,200,46.813430799986236,0.23406715399993117,42,0.0001,5675.161877466537,135136.6897556718,276.4109875427666,616875.2953360771,33,77.72737800003961
0.00940130009680454,0.0,0.5954730392926524,6399,200,46.98623929999303,0.23493119649996516,43,0.0001,8242.614889088027,131346.74229048254,265.9082221591885,678120.7668821072,0,78.6996415000176
0.009547833958657978,0.0,0.5967424993939804,6399,200,46.72643729997799,0.23363218649988993,44,0.0001,7587.054085603243,137052.09456843373,270.79257609061193,691571.4657047167,1,77.68084689998068
0.009407925285820086,0.0,0.5849376591535239,6399,200,46.748007599962875,0.23374003799981438,45,0.0001,5573.146217816889,136737.41226064702,267.2785945417391,736945.0779253957,2,77.37832949997392
0.009539661143426236,0.0,0.5951530009062741,6399,200,46.42256079998333,0.23211280399991666,46,0.0001,13333.897535317923,134539.009488657,270.49224101107933,705055.8030367299,3,77.51860389998183
0.009330806120329075,0.0,0.5986829188691977,6399,200,46.286924900021404,0.23143462450010702,47,0.0001,5645.579564505182,133638.37606844967,270.9115322877227,663051.8468823845,4,77.3250454000663
0.008645880573455838,0.0,0.5593020572445551,6399,200,46.60196699993685,0.23300983499968425,48,0.0001,8485.16077987641,133447.88613599082,268.5424843655312,673873.8849478612,5,77.34171179996338
0.008817990604612105,0.0,0.570442835621697,6399,200,46.355639500077814,0.23177819750038908,49,0.0001,9868.930244572857,135393.92738301377,273.88702394947717,648256.8900850777,6,77.46663560008164
0.008643578745699258,0.0,0.5560480775758476,6399,200,46.7741142999148,0.233870571499574,50,0.0001,3102.077744762267,136390.0614267826,265.3962220687152,755986.1099386873,7,78.05167570000049
0.008598521336245836,0.0,0.5617562026542682,6399,200,46.27982669998892,0.2313991334999446,51,0.0001,9771.464138463354,137127.457411464,265.9449092830465,758922.9579439507,8,76.62193500006106
0.008828846457601569,0.0,0.5650389835222895,6399,200,46.1470968000358,0.230735484000179,52,0.0001,6902.804181223041,133249.55778334007,271.8716376241044,659707.964544458,9,76.55098689999431
0.00789846379477011,0.0,0.5193313576765641,6399,200,45.673743100021966,0.22836871550010984,53,0.0001,3939.745408144795,137288.71422831083,267.2975054569935,738933.2233629053,10,75.98412140004802
0.007541481012124149,0.0,0.5141815068830536,6399,200,46.19986819999758,0.2309993409999879,54,0.0001,4195.372076177935,132329.15181940643,267.433162125519,680431.5053099465,11,76.76204689999577
0.007264951746602808,0.0,0.4944235140495993,6399,200,45.9861019999953,0.2299305099999765,55,0.0001,10408.829563961284,134209.60229452493,266.1811094165471,704470.0420051367,12,76.47753520007245
0.007075710264409522,0.0,0.4858036912610037,6399,200,46.3345616000006,0.23167280800000298,56,0.0001,11650.560071023468,134729.52438823876,263.10951367535966,762311.8673351005,13,77.2033655999694
0.0077910651238210565,0.0,0.5295241348390287,6399,200,46.04415039997548,0.2302207519998774,57,0.0001,5442.428404165607,129917.75665117161,263.97585641447205,677794.5394362448,0,77.19343270000536
0.00738559396792166,0.0,0.49897980789664736,6399,200,47.75840400008019,0.23879202000040095,58,0.0001,4832.878827853328,133760.29842409518,266.10408260537383,709092.490718352,1,79.17386159999296
0.007805762846779444,0.0,0.5193739116420589,6399,200,47.05178509990219,0.23525892549951094,59,0.0001,7240.85912903654,131035.52368592669,266.41594532558577,700034.1146112923,2,78.50185679993592
0.007312172434893749,0.0,0.49846544738723997,6399,200,47.59299459995236,0.23796497299976183,60,0.0001,4046.9176199848325,132356.6308675602,271.18003634410405,662801.6509737254,3,78.87655529996846
