grouping,group,n,mse,mae,signed_bias,mean_true_price,tail_fraction,sse_share
price_band,high,322,402408.80213802395,549.2111022670048,-533.2453124389116,1355.7998416149069,0.4937888198757764,0.642313858849187
price_band,low,320,130850.01657812018,337.8392859482169,337.8392859482169,300.215140625,0.0,0.20756193440919035
price_band,middle,959,31579.712305607696,140.47192117957553,53.646650953668754,646.2415974973932,0.0,0.1501242067416225
price_tail,non_tail,1442,64629.87811268081,204.45796105009177,78.07094246819877,620.8359618585298,0.0,0.4619793319041171
price_tail,tail,159,682618.2355725424,785.1493019521102,-784.4501879023547,1617.2115031446538,1.0,0.5380206680958829
brightness_band,high,304,104917.4957343345,237.45570337129894,-31.53086418399058,664.8160296052631,0.05921052631578947,0.15810494328241784
brightness_band,low,296,168415.51075759143,308.8672679606,-4.0550579511797125,812.8237499999999,0.16891891891891891,0.24711422553203166
brightness_band,middle,1001,119866.80700003519,255.8000736297756,-1.3622387331163248,708.9732097902098,0.09090909090909091,0.5947808311855505
laplacian_variance_band,high,318,163037.32041659977,308.19659714852344,-29.654035024966838,795.565245283019,0.14779874213836477,0.25700294391206524
laplacian_variance_band,low,308,102271.14000595319,239.84504460423332,56.71130764338878,624.5555032467531,0.06168831168831169,0.15614488519877745
laplacian_variance_band,middle,975,121422.77403098221,254.14187406490618,-20.70397995236519,725.158197948718,0.09538461538461539,0.5868521708891573
padding_band,high,935,132760.69444211814,272.606516611087,-7.796529591147275,752.9970588235294,0.1144385026737968,0.6153257298848172
padding_band,low,455,101472.2290623292,232.38378337430848,20.455061649968073,609.9966967032966,0.04835164835164835,0.22886666783227236
padding_band,middle,211,148964.313591373,279.8360397058821,-67.14018350874191,809.390232227488,0.14218009478672985,0.1558076022829104
orientation,landscape,1557,125874.77646490611,262.56266080456476,-7.758334887103389,723.7389280667951,0.10083493898522801,0.9715189453610452
orientation,portrait,44,130580.83496957137,246.75127208887446,-1.5807595025409322,580.0130681818182,0.045454545454545456,0.028481054638954773
source_long_edge,at_least_320,1546,126139.79550978668,262.39591849403087,-9.848447800876873,726.682478007762,0.10155239327296249,0.9666862947308184
source_long_edge,below_320,55,122190.17884344932,254.60052459720265,55.93489932407032,526.0177272727273,0.03636363636363636,0.033313705269181426
