seed,group,n,mse,mae,mean_prediction_minus_price
2026,low,542,126334.01865822605,323.1395159120736,319.7340883471702
2026,middle,531,25715.981869850697,127.52794152532068,79.27966918394608
2026,high_non_tail,369,79681.11610127767,227.63136532312234,-204.60971290774455
2026,tail,159,760932.6573269198,844.0024561423205,-844.0024561423205
2027,low,542,123704.99263676045,321.2515581516078,317.7020910363607
2027,middle,531,27396.81827261469,133.12121902233736,79.51475272449788
2027,high_non_tail,369,80782.1381445559,223.0983217875911,-204.4370525092145
2027,tail,159,752330.540903384,841.83094066221,-841.83094066221
2028,low,542,131806.93658462353,329.4403700263291,326.72734823369626
2028,middle,531,26858.342218602716,131.14485289057072,78.85786456419565
2028,high_non_tail,369,76258.05549247733,222.6591317125211,-207.21908684799888
2028,tail,159,758919.0654818123,843.0902994128919,-843.0902994128919
