method,seed,mse,mae,tail_mse,n,tail_n,tail_threshold,train_seconds,epochs,best_epoch,loader_setup_seconds,stop_reason,probe_seconds,validation_seconds,checkpoint_seconds,optimizer_updates,samples_seen,training_seconds,seconds_per_update,predict_seconds,timing_note,stopped_early,peak_cuda_bytes
alexnet,2026,131108.77601670404,278.56331682992084,641434.873647467,1601,159,1300.0,1646.239323799964,40,6,0.13712279999163002,early_stopping,1.221494999830611,270.2041802997701,2.487558100023307,8000,255960,1321.8596681004856,0.1652324585125607,6.777275400003418,train_seconds包括逐轮验证与固定样本诊断；predict_seconds包括读取和预处理,True,1213386752
alexnet,2027,128134.16594277737,267.4960000667394,655490.9360091382,1601,159,1300.0,1656.3134132999694,40,7,0.18022749992087483,early_stopping,1.229862200212665,276.7859100000933,1.7514653999824077,8000,255960,1327.9450806999812,0.16599313508749766,6.372963299974799,train_seconds包括逐轮验证与固定样本诊断；predict_seconds包括读取和预处理,True,1213386752
alexnet,2028,126004.11223892565,262.128119203384,682618.2355725423,1601,159,1300.0,1928.1045960000483,40,7,0.1734197000041604,early_stopping,1.4498282000422478,321.70553379983176,3.7208155998960137,8000,255960,1541.549214199651,0.19269365177495637,7.632647600024939,train_seconds包括逐轮验证与固定样本诊断；predict_seconds包括读取和预处理,True,1213386752
preprocess_01_stretch,2026,128268.66898790754,259.9859476672047,700139.5572144003,1601,159,1300.0,2313.8739941999083,55,40,0.17768600000999868,early_stopping,1.7538322999607772,379.86684499983676,5.580266500124708,11000,351945,1879.6917973001255,0.1708810724818296,6.167612900026143,train_seconds包括逐轮验证与固定样本诊断；predict_seconds包括读取和预处理,True,1213386752
preprocess_01_stretch,2027,127296.48307580105,264.51172749915594,666421.6992034825,1601,159,1300.0,2504.4351362000452,60,57,0.14514009992126375,max_epochs,1.9185909994412214,416.1637958007632,3.6474972998257726,12000,383940,2031.4209657007596,0.1692850804750633,6.541628699982539,train_seconds包括逐轮验证与固定样本诊断；predict_seconds包括读取和预处理,False,1213386752
preprocess_01_stretch,2028,127758.10585585324,269.05192070804213,672179.2400789387,1601,159,1300.0,1765.98820110003,40,7,0.2014377999585122,early_stopping,1.3095225999131799,301.4810728994198,2.4003318999893963,8000,255960,1407.1986175999045,0.17589982719998806,6.651772600016557,train_seconds包括逐轮验证与固定样本诊断；predict_seconds包括读取和预处理,True,1213386752
preprocess_06_frequency_filter,2026,127610.86854395438,261.64478735360734,706342.7474107768,1601,159,1300.0,1545.3684769999236,40,7,0.10432799998670816,early_stopping,1.3347479996737093,128.71373289998155,2.976403400185518,8000,255960,1373.9895768007264,0.1717486971000908,2.654511999920942,train_seconds包括逐轮验证与固定样本诊断；predict_seconds包括读取和预处理,True,1213386752
preprocess_06_frequency_filter,2027,128379.69114864308,269.8086011080661,666528.6519999708,1601,159,1300.0,1449.7737389000831,40,9,0.07603330002166331,early_stopping,1.2349853998748586,120.84829039976466,2.082927600014955,8000,255960,1290.2924698001007,0.16128655872501257,2.478727399953641,train_seconds包括逐轮验证与固定样本诊断；predict_seconds包括读取和预处理,True,1213386752
preprocess_06_frequency_filter,2028,127668.57960895622,270.4673030420002,656842.8448547513,1601,159,1300.0,1594.915848200093,40,7,0.07867509999778122,early_stopping,1.395027500228025,131.0208659998607,2.888749099918641,8000,255960,1416.5521911000833,0.17706902388751042,2.876061600050889,train_seconds包括逐轮验证与固定样本诊断；predict_seconds包括读取和预处理,True,1213386752
