data_loss,penalty,gradient_norm,samples,updates,training_seconds,seconds_per_update,epoch,lr,probe_mse,probe_seconds,validation_seconds,checkpoint_seconds,val_mse,val_mae,val_tail_mse,early_stop_counter,early_stop_reference,seconds
0.15815958613238718,0.0,3.1466394980879637,6399,200,48.57908470008988,0.2428954235004494,1,0.0001,176455.2153990143,0.03256610000971705,18.503362699993886,0.5359950000420213,135608.14398345342,280.65160169095714,692543.7167956505,0,135608.14398345342,67.65313850005623
0.1474080049329625,0.0,1.6657540724634716,6399,200,32.90749400004279,0.16453747000021393,2,0.0001,186528.39697008062,0.030321800033561885,2.5385172000387684,0.6243260999908671,135196.88189618976,276.14385595844897,724784.6870421284,0,135196.88189618976,36.10210779996123
0.14223139560623507,0.0,1.4101072979098408,6399,200,33.19746799999848,0.1659873399999924,3,0.0001,166092.89384786604,0.031282100011594594,2.6944578000111505,0.5999146000249311,132283.3007632809,284.3350522400584,599096.2057806279,0,132283.3007632809,36.5247984000016
0.13758746059187912,0.0,1.3709998869189826,6399,200,33.5615906000603,0.1678079530003015,4,0.0001,183472.62378966625,0.03268589999061078,2.63656519993674,0.0,138390.44034043618,292.74882296,608425.4794629832,1,132283.3007632809,36.23258159996476
0.13378524948374323,0.0,1.308496233120131,6399,200,34.588065000018105,0.17294032500009052,5,0.0001,163912.6030374782,0.03262449998874217,2.66268020006828,0.0,134258.0744412184,276.28415494780864,635697.4911980465,2,132283.3007632809,37.285232500056736
0.12996701928748364,0.0,1.302769749746906,6399,200,34.026339299976826,0.17013169649988413,6,0.0001,179201.26511133707,0.03346069995313883,2.7153295000316575,0.0,137237.7901145125,285.29099486232474,700334.3958858947,3,132283.3007632809,36.776997499982826
0.12648367202334404,0.0,1.2804389733444308,6399,200,33.70212849997915,0.16851064249989578,7,0.0001,155255.78178688357,0.030660100048407912,2.642487599980086,0.5404053000966087,130077.858190616,275.43881261373326,626078.0292568567,0,130077.858190616,36.91765540000051
0.12360605443803793,0.0,1.241688179349638,6399,200,33.63014240004122,0.16815071200020612,8,0.0001,137123.57750038904,0.03035210003145039,2.649969800026156,0.524648500024341,127559.80511186118,262.0144237013822,711464.796220408,0,127559.80511186118,36.837113499990664
0.11663991167457609,0.0,1.2873409512482266,6399,200,33.59537629992701,0.16797688149963505,9,0.0001,127919.56193833817,0.0314095999347046,2.6296066000359133,0.0,129574.52231197161,277.4414167408094,604457.756893369,1,127559.80511186118,36.257829399895854
0.10815743262231743,0.0,1.3939610772534352,6399,200,33.65733429999091,0.16828667149995455,10,0.0001,103763.57953191761,0.030655200011096895,2.6836470999987796,0.0,139459.92807807942,289.78953507261855,508950.0295215874,2,127559.80511186118,36.37371310009621
0.10159275922678314,0.0,1.4947982306026293,6399,200,33.687601300072856,0.16843800650036428,11,0.0001,73557.22766490471,0.03141479997429997,2.641547100036405,0.0,129382.5756939597,264.6257105350626,669389.9745589881,3,127559.80511186118,36.362598100095056
0.09421719785239463,0.0,1.5758259155450656,6399,200,33.65040369995404,0.1682520184997702,12,0.0001,81178.32645859642,0.030185700044967234,2.636958200018853,0.0,156977.4206278361,306.6273688906206,532518.0487179945,4,127559.80511186118,36.319074300001375
0.082745790537601,0.0,1.6379991343489153,6399,200,33.49504639999941,0.16747523199999706,13,0.0001,71789.3457793722,0.030974900000728667,2.6274648000253364,0.0,142395.3117507716,280.76859758419846,637759.4139999797,5,127559.80511186118,36.1558631999651
0.07326669768453725,0.0,1.6901395283547804,6399,200,33.68440060003195,0.16842200300015975,14,0.0001,27106.347627267052,0.030760299996472895,2.6353705999208614,0.0,138723.06851135622,271.24625160322836,705503.2281643531,6,127559.80511186118,36.35274300002493
0.06210532885751856,0.0,1.6173452034342422,6399,200,33.555652100010775,0.16777826050005387,15,0.0001,35055.71412191742,0.030410700011998415,2.719241500017233,0.0,138649.37335494484,275.6595915257468,677882.8495241045,7,127559.80511186118,36.30704280000646
0.05575631132199027,0.0,1.5605309256881352,6399,200,33.959706200053915,0.16979853100026956,16,0.0001,38769.581473331265,0.030815000063739717,2.575237900018692,0.0,139199.84712340587,274.7852180906876,623758.6869695984,8,127559.80511186118,36.56818579998799
0.04677126988701483,0.0,1.4417849292770177,6399,200,33.51095799996983,0.16755478999984916,17,0.0001,20845.43076113442,0.03164129995275289,2.690664099995047,0.0,142836.64623063323,271.797998990075,760677.7305597333,9,127559.80511186118,36.23540820006747
0.03976391622084446,0.0,1.349711058609395,6399,200,33.52222649997566,0.1676111324998783,18,0.0001,20172.59726017881,0.03027950006071478,2.6221529999747872,0.0,139032.73198848424,270.6662067680216,705626.8133127115,10,127559.80511186118,36.17698660003953
0.03477645329067143,0.0,1.2592883470156182,6399,200,33.67881579999812,0.1683940789999906,19,0.0001,14710.59563852222,0.030750200035981834,2.571474099997431,0.0,141773.12558561072,277.07625358732486,689485.4100320706,11,127559.80511186118,36.28319480002392
0.03146634263617842,0.0,1.2130618469462489,6399,200,33.55046980001498,0.1677523490000749,20,0.0001,13018.534382871108,0.031679100007750094,2.6374285999918357,0.0,134444.1906747931,267.8136691616816,680283.1319548909,12,127559.80511186118,36.22215749998577
0.02727633906856696,0.0,1.1337060428753094,6399,200,33.58462839992717,0.16792314199963584,21,0.0001,23959.237732478927,0.03162219992373139,2.59449729998596,0.0,142772.9977246724,278.3136201836028,685923.9031979747,13,127559.80511186118,36.213612899999134
0.02581919541236512,0.0,1.0865912314099102,6399,200,33.53592739999294,0.16767963699996472,22,0.0001,15815.576794884219,0.030405799974687397,2.638574799988419,0.0,141961.16622179092,284.6384824400562,599625.7472489971,14,127559.80511186118,36.20679490000475
0.022093435862097395,0.0,1.0069334391803553,6399,200,33.51702609995846,0.1675851304997923,23,0.0001,11962.115417860394,0.031245799968019128,2.6192085000220686,0.0,140748.81145514033,277.78568647480904,658867.8646459922,15,127559.80511186118,36.17017970001325
0.01961061629236174,0.0,0.9566290084682727,6399,200,33.66066269995645,0.16830331349978223,24,0.0001,10252.418003279348,0.03097269998397678,2.589837900013663,0.0,143642.50027415654,279.8259377349589,659372.2088659179,16,127559.80511186118,36.284177299938165
0.018128591566524875,0.0,0.9018466692140847,6399,200,33.55887149996124,0.1677943574998062,25,0.0001,11089.979866959318,0.03097580000758171,2.6332917999243364,0.0,142068.68058808867,273.39008735716783,705044.9859891481,17,127559.80511186118,36.226046399911866
0.01735735491115296,0.0,0.8834350080355847,6399,200,33.729552400065586,0.16864776200032794,26,0.0001,7678.656335199918,0.0316201999085024,2.606069100089371,0.0,136856.24940037995,276.7394966544259,625709.3865762497,18,127559.80511186118,36.36921949998941
0.015588205101414183,0.0,0.8606066516793425,6399,200,32.51464810001198,0.16257324050005992,27,0.0001,5474.169506233138,0.02760539995506406,2.571123500005342,0.0,133208.0406751611,269.2279264015302,665960.3622729756,19,127559.80511186118,35.11489740002435
0.014396119953613017,0.0,0.8074083490023787,6399,200,33.39708300004713,0.16698541500023567,28,0.0001,7379.875504599762,0.03048570000100881,2.5946217000018805,0.0,141750.22052945377,273.78528358153534,722144.128007766,20,127559.80511186118,36.02537620009389
0.014612288086880759,0.0,0.8095201778914486,6399,200,33.48412119993009,0.16742060599965045,29,0.0001,7165.739474381109,0.03158810001332313,2.6846867999993265,0.0,135547.79269810682,272.47198300394274,685280.902411788,21,127559.80511186118,36.20335199998226
0.014850860678768467,0.0,0.8056624965849325,6399,200,33.46800620004069,0.16734003100020345,30,0.0001,6890.530249351532,0.029921800014562905,2.6165311998920515,0.0,138857.08901202053,267.83454826086813,758350.327822885,22,127559.80511186118,36.1174742000876
0.013211657250224223,0.0,0.7704913139841086,6399,200,33.535459400038235,0.16767729700019118,31,0.0001,6537.110179079447,0.03147359995637089,2.6248364000348374,0.0,135641.23527315323,266.29711649429015,748491.3972139846,23,127559.80511186118,36.194953799946234
0.013334501227843505,0.0,0.7707393170216349,6399,200,33.44843230000697,0.16724216150003485,32,0.0001,6768.921369661817,0.03202069993130863,2.5810846999520436,0.0,132142.89860322536,264.0101711103116,698827.9644551354,24,127559.80511186118,36.06439690000843
0.013185966539415056,0.0,0.7626923955053014,6399,200,33.28238580003381,0.16641192900016905,33,0.0001,7296.292261589141,0.030362000106833875,2.576509300037287,0.0,129787.49503361677,267.79540215477476,639697.345862851,25,127559.80511186118,35.891548400046304
0.012616447555770492,0.0,0.7452457887514425,6399,200,32.713796700001694,0.16356898350000848,34,0.0001,5004.561821821846,0.02899640006944537,2.290441400022246,0.0,131147.76855092667,263.64575559126797,667494.9102346102,26,127559.80511186118,35.035964900045656
0.011938565876462255,0.0,0.7063950990739805,6399,200,33.05756759992801,0.16528783799964003,35,0.0001,6870.799731063819,0.031410700059495866,2.6076625999994576,0.0,133892.66722461348,269.56481946448633,675317.9558175338,27,127559.80511186118,35.69990919996053
0.012211722740113931,0.0,0.7350670247199317,6399,200,33.38331119995564,0.1669165559997782,36,0.0001,5566.854453170225,0.03173779998905957,2.584305700031109,0.0,134822.21040922686,264.2648946380353,733568.3138713981,28,127559.80511186118,36.00285079993773
0.012010118343914954,0.0,0.7194416258127998,6399,200,33.72029779991135,0.16860148899955674,37,0.0001,3878.5925340692474,0.030960500007495284,2.655579900019802,0.0,137370.1813543848,272.5979561298639,678334.7226005977,29,127559.80511186118,36.40908569993917
0.011780262981892357,0.0,0.6949907669001836,6399,200,33.57648719998542,0.1678824359999271,38,0.0001,6297.422781778461,0.03126309998333454,2.6154884999850765,0.0,133910.69209877634,265.4658623171133,714414.7668824552,30,127559.80511186118,36.22668349999003
0.01028926627117051,0.0,0.6265572799644165,6399,200,33.508912099990994,0.16754456049995498,39,0.0001,6017.552970177147,0.030169300036504865,2.6971975999185815,0.0,129252.4592594517,263.62065885833437,686386.6552805338,31,127559.80511186118,36.23908540001139
0.010615158167681223,0.0,0.6517222715196919,6399,200,33.4208097999217,0.16710404899960848,40,0.0001,4456.104041618861,0.03139339992776513,2.6412380000110716,0.0,134243.70146393043,267.7685635368745,694086.1540768269,32,127559.80511186118,36.097067900002
