data_loss,penalty,gradient_norm,samples,updates,weight_l1,weight_l2,total_loss_monitor,training_seconds,seconds_per_update,epoch,lr,probe_mse,probe_seconds,validation_seconds,checkpoint_seconds,val_mse,val_mae,val_tail_mse,early_stop_counter,early_stop_reference,seconds
0.15757746028220931,0.0,3.0572472277346288,6399,200,687638.8719229698,110.06254638265317,0.15757746028220931,48.27107280003838,0.24135536400019192,1,0.0001,169018.40811183146,0.03153570007998496,22.112327000009827,0.6023385999724269,135617.8115051772,274.5138365712699,746133.9260263923,0,135617.8115051772,71.01892050006427
0.14763495402044152,0.0,1.6749218230481813,6399,200,688494.491392374,110.24250789903297,0.14763495402044152,32.783170499955304,0.16391585249977653,2,0.0001,184174.52262947813,0.03308149997610599,2.747785000014119,0.6131369998911396,135402.71664478118,280.2326880951047,702875.8125421652,0,135402.71664478118,36.17836069990881
0.14065910225603417,0.0,1.4516156256874602,6399,200,689412.4331803322,110.43507403855678,0.14065910225603417,33.2538862999063,0.1662694314995315,3,0.0001,163641.8850268199,0.03326039994135499,2.752267900039442,0.5949382000835612,130417.96023434754,275.8266056256613,653863.6020946117,0,130417.96023434754,36.63633219990879
0.13720819880737037,0.0,1.374016895131986,6399,200,690287.4379000664,110.6186711665041,0.13720819880737037,33.232128600007854,0.16616064300003927,4,0.0001,172747.5822714966,0.035293899942189455,2.6590897999703884,0.0,133710.3085039402,282.27218437315383,628878.1970702326,1,130417.96023434754,35.92802810005378
0.13211944728410346,0.0,1.331992186632987,6399,200,691195.8475522995,110.80968032090503,0.13211944728410346,32.92721230001189,0.16463606150005944,5,0.0001,187284.68218882923,0.030486400006338954,2.7247579999966547,0.0,143682.73902279884,288.80438383264794,592180.1971358156,2,130417.96023434754,35.6836473000003
0.12920301460159894,0.0,1.3588943670075466,6399,200,692225.049239397,111.02565630417136,0.12920301460159894,32.85522930009756,0.1642761465004878,6,0.0001,178209.12855702703,0.03169040009379387,2.7335643999977037,0.0,137531.06204826589,289.3110399001894,671448.9082496187,3,130417.96023434754,35.62180410011206
0.12521114512337225,0.0,1.3394916799677548,6399,200,693200.0369710922,111.23075966118147,0.12521114512337225,32.8949720999226,0.164474860499613,7,0.0001,150110.12494301164,0.03338059992529452,2.6688084000488743,0.0,131150.85564795384,278.635481738794,611114.10794906,4,130417.96023434754,35.59950479993131
0.12195929361549213,0.0,1.2997765185298857,6399,200,694230.8897614479,111.44722030044939,0.12195929361549213,33.505697500077076,0.16752848750038538,8,0.0001,124460.36376569237,0.03189870005007833,3.1292653999989852,0.0,130596.880794301,266.9522730936137,682186.1064553623,5,130417.96023434754,36.66861060005613
0.1141307388517757,0.0,1.3478968781317824,6399,200,695351.8920667171,111.68389280854461,0.1141307388517757,33.02543440007139,0.16512717200035695,9,0.0001,118605.22452312679,0.03275270003359765,2.7004465999780223,0.5052943000337109,129411.88324154611,272.74248262341536,655083.484212305,0,129411.88324154611,36.275282000075094
0.10561138088920433,0.0,1.446455268360955,6399,200,696731.3587169647,111.97155365966634,0.10561138088920433,32.933948400081135,0.16466974200040568,10,0.0001,97836.86730975567,0.0317756999284029,2.63886750000529,0.0,144963.8949750859,301.29872949282486,474570.4719950358,1,129411.88324154611,35.60592970007565
0.09768578586319805,0.0,1.5560698240613717,6399,200,698026.7049093246,112.24311191138534,0.09768578586319805,32.863035800051875,0.16431517900025938,11,0.0001,68721.57476214081,0.03195090009830892,2.672655100002885,0.0,136191.77785310475,275.10030398593045,610693.5023395477,2,129411.88324154611,35.57035349996295
0.0905892571433942,0.0,1.660329553966156,6399,200,699438.208463192,112.53762700584356,0.0905892571433942,33.15690549998544,0.1657845274999272,12,0.0001,78238.7136583065,0.03185629996005446,2.681710400036536,0.0,158203.70681181533,298.93457189775927,566898.7295865396,3,129411.88324154611,35.87381729995832
0.07945043231573251,0.0,1.7168854529990525,6399,200,700728.4432940483,112.80378108923945,0.07945043231573251,32.83060669992119,0.16415303349960594,13,0.0001,56471.40411348514,0.03205159993376583,2.70030270004645,0.0,150704.6603493461,285.20945190412294,696125.0512994026,4,129411.88324154611,35.56463389995042
0.07026692313167009,0.0,1.7494466876122987,6399,200,701922.3409991264,113.04991327347132,0.07026692313167009,32.53676280006766,0.16268381400033832,14,0.0001,44209.42779344332,0.031459399964660406,2.63497490005102,0.0,135968.47300204358,272.08222900596246,669119.8641294695,5,129411.88324154611,35.20592590002343
0.057851645674243286,0.0,1.578648682140129,6399,200,703028.6408991814,113.27510477324772,0.057851645674243286,32.390667799976654,0.16195333899988326,15,0.0001,25402.907108606552,0.031018399982713163,2.6325178999686614,0.0,141490.11904914345,279.2060150158148,655726.0913260751,6,129411.88324154611,35.05586389999371
0.05105700016829195,0.0,1.523629607586424,6399,200,704084.4501914978,113.48888877651486,0.05105700016829195,32.422523899935186,0.16211261949967593,16,0.0001,38095.16595286704,0.03309010004159063,2.6413037000456825,0.0,141929.0136723404,275.67122029606156,672042.8384806374,7,129411.88324154611,35.09952699998394
0.0436422593898825,0.0,1.4187546869621108,6399,200,705051.0831754208,113.68428328599609,0.0436422593898825,32.33555260009598,0.1616777630004799,17,0.0001,17677.263711495354,0.03151379991322756,2.6014937000581995,0.0,141631.56559692338,275.96811566592066,696143.126612031,8,129411.88324154611,34.97199320001528
0.03548319923139411,0.0,1.28022864025945,6399,200,706018.5775642395,113.87764045260349,0.03548319923139411,32.546961300075054,0.16273480650037528,18,0.0001,19616.7493394075,0.030144099961034954,2.609686900046654,0.0,142157.56263822762,273.6468962104614,721656.6707309611,9,129411.88324154611,35.1899354000343
0.03348725051753011,0.0,1.264114903348031,6399,200,707063.4015798569,114.08598791135495,0.03348725051753011,32.42387800000142,0.1621193900000071,19,0.0001,13462.011267782713,0.032040600082837045,2.710148899932392,0.0,137402.05773499454,268.02814146550816,745738.7450682335,10,129411.88324154611,35.16935900005046
0.027423513163345997,0.0,1.125980950098911,6399,200,707975.3011989594,114.2665531049308,0.027423513163345997,32.44682309997734,0.16223411549988667,20,0.0001,13014.444420193147,0.03232140000909567,2.6332475000526756,0.0,138974.87837059787,270.9918748987807,709449.2813029711,11,129411.88324154611,35.12066379992757
0.024513473867885258,0.0,1.056329874272892,6399,200,708870.3444795609,114.44359505135391,0.024513473867885258,32.56463509995956,0.1628231754997978,21,0.0001,16484.839255030638,0.0339314000448212,2.6599799999967217,0.0,130896.66562514781,268.8657372045368,644551.4431141281,12,129411.88324154611,35.26045439997688
0.021510496946535788,0.0,1.0064111018336503,6399,200,709829.906583786,114.63239234614993,0.021510496946535788,32.33842759998515,0.16169213799992577,22,0.0001,7447.14837450087,0.029850700055249035,2.5821933000115678,0.0,140090.5353864317,278.0776748448133,661065.2363592408,13,129411.88324154611,34.952106799930334
0.019774457738359428,0.0,0.9701376860695093,6399,200,710847.6748857498,114.8313425117366,0.019774457738359428,32.395448399940506,0.16197724199970254,23,0.0001,7732.750884218974,0.031174100004136562,2.6475086000282317,0.0,137651.11881746203,274.5230922971889,677549.4701363834,14,129411.88324154611,35.07556239992846
0.01768953273924477,0.0,0.9188082097922119,6399,200,711860.0193219185,115.02958841605096,0.01768953273924477,32.364014200051315,0.16182007100025658,24,0.0001,8360.319384985518,0.03326389996800572,2.6387870999751613,0.0,136741.08473583552,274.5204457945457,653703.7063626924,15,129411.88324154611,35.03749560005963
0.016674985370894475,0.0,0.8827361703376618,6399,200,712831.8004488945,115.22032807765382,0.016674985370894475,32.34548169991467,0.16172740849957334,25,0.0001,13678.39248185612,0.03204890002962202,2.6675896999659017,0.0,135290.36784505512,267.5904983585639,734215.4005252154,16,129411.88324154611,35.04648369993083
0.01605102008411736,0.0,0.868603533762936,6399,200,713868.3658599854,115.42200086540643,0.01605102008411736,32.412054499960504,0.1620602724998025,26,0.0001,4800.783251061768,0.03073569992557168,2.5729602000210434,0.0,136892.76459038092,274.3405071828355,663973.6596222528,17,129411.88324154611,35.017204500036314
0.015213170409128932,0.0,0.8638077770735713,6399,200,714905.3142471313,115.62445283312866,0.015213170409128932,32.534733499982394,0.16267366749991197,27,0.0001,8718.750500600141,0.03145880007650703,2.612527299905196,0.0,135855.7287098874,266.3586334037447,725024.1708180191,18,129411.88324154611,35.17999169998802
0.014037029900404566,0.0,0.8092947742521216,6399,200,715785.084528923,115.79665364912925,0.014037029900404566,32.29269170004409,0.16146345850022045,28,0.0001,6868.916854260939,0.03052399994339794,2.6155374000081792,0.0,136803.7851632736,279.0853808183378,609640.7875089591,19,129411.88324154611,34.94021520006936
0.013245537042390971,0.0,0.7734166787846724,6399,200,716749.3805727959,115.98440515471898,0.013245537042390971,32.513167100027204,0.162565835500136,29,0.0001,5630.36001834503,0.033565100049600005,2.697864199988544,0.0,132009.15503966727,269.59094322880685,677521.000859707,20,129411.88324154611,35.24656690005213
0.01226199939490051,0.0,0.7397192617802589,6399,200,717738.3244347572,116.17634059630038,0.01226199939490051,32.3836165999528,0.161918082999764,30,0.0001,10443.164675229278,0.02958019997458905,2.613593599991873,0.0,136146.39847102965,264.90988768934864,783913.9096958006,21,129411.88324154611,35.03479279996827
0.012426593771882868,0.0,0.751662743351807,6399,200,718784.1047134399,116.37939579964944,0.012426593771882868,32.36562080006115,0.16182810400030576,31,0.0001,7673.099520206959,0.031784299993887544,2.629847800009884,0.0,135436.81091912076,267.96840208593267,730957.4050532383,22,129411.88324154611,35.0286687000189
0.012514321937849843,0.0,0.7498669466284551,6399,200,719980.248547554,116.61131392727158,0.012514321937849843,32.31567939999513,0.16157839699997567,32,0.0001,5761.710944080141,0.03146379999816418,2.619492599973455,0.0,136509.69347112742,271.2517319911418,673451.246206599,23,129411.88324154611,34.96876129996963
0.012695277867742537,0.0,0.7660189144994236,6399,200,721186.0320930481,116.84441458101594,0.012695277867742537,32.38376680004876,0.16191883400024382,33,0.0001,7371.96163068088,0.03116999997291714,2.6320383000420406,0.0,132242.8619144545,265.21602022133254,725812.3707513374,24,129411.88324154611,35.04878599999938
0.012290300644688685,0.0,0.7318627913272294,6399,200,722459.6081762314,117.09068437086033,0.012290300644688685,32.411584999994375,0.16205792499997188,34,0.0001,5526.304550935657,0.03148370003327727,2.6500605000182986,0.0,136684.21483031407,274.0794379089482,661879.2435008237,25,129411.88324154611,35.09556419996079
0.010876127966800578,0.0,0.6714143534593506,6399,200,723610.1852769852,117.31191943082982,0.010876127966800578,32.42170489998534,0.16210852449992671,35,0.0001,7244.568215000486,0.0317169000627473,2.6275285999290645,0.0,139370.46500266017,279.42649619321213,640884.7939169346,26,129411.88324154611,35.08284329995513
0.011442001436624962,0.0,0.7019294852429051,6399,200,724851.3683176041,117.55080411467068,0.011442001436624962,32.51715400000103,0.16258577000000515,36,0.0001,6891.618206304183,0.03309789998456836,2.7440154999494553,0.0,131425.1890527749,269.6609163887684,646404.6507111064,27,129411.88324154611,35.296197499963455
0.011146356336464476,0.0,0.6844718299435519,6399,200,726160.6102499962,117.80169519455299,0.011146356336464476,32.461127900052816,0.16230563950026408,37,0.0001,4651.747856197677,0.033903000061400235,2.6497340999776497,0.753849699976854,128836.2975434899,264.353498220844,689891.1797055481,0,128836.2975434899,35.90064590005204
0.010724275297986538,0.0,0.6690396267756232,6399,200,727419.8012752533,118.04179613686883,0.010724275297986538,32.78373460005969,0.16391867300029844,38,0.0001,10244.676233270471,0.03281310002785176,2.664821599959396,0.0,132233.50198762305,270.3886224668242,669217.5373102232,1,128836.2975434899,35.484132800018415
0.010822822758938857,0.0,0.6873374882483132,6399,200,728707.0995016098,118.28794606503726,0.010822822758938857,32.581591699970886,0.16290795849985443,39,0.0001,5637.340940561298,0.03137350000906736,2.65035909996368,0.0,130627.79695238365,268.46524928204826,633129.4068965303,2,128836.2975434899,35.26544620003551
0.010772536403712327,0.0,0.672603495155177,6399,200,730103.1454024315,118.55375071094971,0.010772536403712327,32.75687939999625,0.16378439699998126,40,0.0001,8560.723130738237,0.030827199923805892,2.6497500999830663,0.0,129275.87372561025,264.3321028689004,684987.8899944235,3,128836.2975434899,35.44483309995849
0.009547169095004662,0.0,0.6039898860460492,6399,200,731369.3154850006,118.79419334010515,0.009547169095004662,32.67783459997736,0.16338917299988678,41,0.0001,4420.549754934973,0.03159989998675883,2.6622496000491083,0.0,132381.21732750555,266.99615389133055,683788.8780240263,4,128836.2975434899,35.37393050000537
0.009269499123023113,0.0,0.6106647261705495,6399,200,732635.068505764,119.03601927032561,0.009269499123023113,32.58830709999893,0.16294153549999466,42,0.0001,14948.9833645599,0.030651300097815692,2.6263401000760496,0.49744369997642934,127534.71345084574,262.0131054766367,683040.1453978776,0,127534.71345084574,35.74465040001087
0.009384992250308215,0.0,0.5939422269681265,6399,200,733978.1789493561,119.29020425940699,0.009384992250308215,32.51353029999882,0.1625676514999941,43,0.0001,6154.99122008675,0.03073020000010729,2.643359599984251,0.0,134738.25534913514,271.96156250987747,670595.776880258,1,127534.71345084574,35.189125500037335
0.008803185229131842,0.0,0.572319779310082,6399,200,735316.426943779,119.54338863689874,0.008803185229131842,32.51714719994925,0.16258573599974624,44,0.0001,2416.8153846780947,0.030554900062270463,2.6530644999584183,0.0,130493.03807298148,268.18473447196146,665951.9798736722,2,127534.71345084574,35.202643399941735
0.008700397311251037,0.0,0.5815649657187179,6399,200,736710.0113320351,119.80619089872052,0.008700397311251037,32.38342629990075,0.16191713149950374,45,0.0001,7113.505306603915,0.03131830005440861,2.6464145000791177,0.0,130091.30601672645,265.98009447049884,676228.0941788456,3,127534.71345084574,35.06866769993212
0.009295184540773804,0.0,0.628176552684811,6399,200,738165.0968093872,120.07826113951423,0.009295184540773804,32.51567979995161,0.16257839899975807,46,0.0001,5318.079042642333,0.03249699994921684,2.5864286000141874,0.0,131961.43035298615,266.7631800524433,687788.0793151598,4,127534.71345084574,35.1361991999438
0.008955173357606361,0.0,0.5848235827337248,6399,200,739622.0835313797,120.35166396356854,0.008955173357606361,31.571838299976662,0.1578591914998833,47,0.0001,4784.524568577207,0.032163299969397485,2.5810278999852017,0.0,134843.85706880764,272.9005887050867,652823.454212989,5,127534.71345084574,34.18658650002908
0.00828921913506636,0.0,0.5608974057591244,6399,200,740993.9814996719,120.60858767126058,0.00828921913506636,32.43496119999327,0.16217480599996634,48,0.0001,4797.700730744362,0.031618400011211634,2.6520755999954417,0.0,131017.43679460658,265.7408267113318,688629.6932327342,6,127534.71345084574,35.12014499993529
0.008683019036072092,0.0,0.587500975240237,6399,200,742426.5854372978,120.87552404728493,0.008683019036072092,32.28672109998297,0.16143360549991484,49,0.0001,6881.566178171265,0.0369764999486506,2.6408395000034943,0.0,130732.61090339995,267.9034971417219,670329.599281293,7,127534.71345084574,34.966571099939756
0.00814392908083621,0.0,0.5513219031261789,6399,200,743849.1242418289,121.14225513367529,0.00814392908083621,32.47288570005912,0.16236442850029562,50,0.0001,3521.0028668341647,0.032505600014701486,2.665958199999295,0.0,130239.27754631439,266.65306198722465,670969.6531035715,8,127534.71345084574,35.17352730000857
0.007825082902096365,0.0,0.5426999126947468,6399,200,745218.5176386833,121.39819403177842,0.007825082902096365,32.43297079997137,0.16216485399985686,51,0.0001,2974.8955862788453,0.030527599970810115,2.607294199988246,0.0,130821.57281133054,264.54867191993765,702481.4102062917,9,127534.71345084574,35.07862839999143
0.008079599938064303,0.0,0.5387326925131399,6399,200,746723.5219697952,121.67813457290235,0.008079599938064303,32.50766639993526,0.1625383319996763,52,0.0001,3308.2382556148063,0.031214799964800477,2.598670899984427,0.0,135125.4305074896,275.0448409100079,622960.4178205264,10,127534.71345084574,35.13959869998507
0.008113658150556423,0.0,0.541839470979649,6399,200,748293.5388183594,121.97034306663853,0.008113658150556423,32.45881530002225,0.16229407650011127,53,0.0001,3588.8225684627246,0.030687800026498735,2.696502499980852,0.0,131376.625435655,267.3252168367089,660893.1939419609,11,127534.71345084574,35.18793959997129
0.007452537831568727,0.0,0.5117259786964694,6399,200,749750.6092500687,122.24017596340556,0.007452537831568727,32.326197900110856,0.16163098950055427,54,0.0001,3597.2770012718224,0.029696399928070605,2.6754913000622764,0.0,133852.20980161004,266.7313919240617,709731.1919956778,12,127534.71345084574,35.03545620001387
0.007530901355713729,0.0,0.5094485937931678,6399,200,751217.6166558266,122.51064757644271,0.007530901355713729,32.30998920009006,0.16154994600045028,55,0.0001,3851.749843043805,0.03113320004194975,2.6678114999085665,0.0,133132.86820343128,262.60859710657144,734520.6827708456,13,127534.71345084574,35.01083510008175
0.007212578927105341,0.0,0.5233783629179168,6399,200,752600.1474380493,122.76653504490271,0.007212578927105341,32.33673480001744,0.1616836740000872,56,0.0001,4319.211733017575,0.031323600094765425,2.6067148000001907,0.0,132334.24055216394,270.8973883388681,655062.9437994546,14,127534.71345084574,34.98014170001261
0.007524968241616577,0.0,0.5334995147668196,6399,200,754053.449174881,123.0341361470106,0.007524968241616577,32.31006389996037,0.16155031949980184,57,0.0001,6835.153615556422,0.02990299998782575,2.604781899950467,0.5027277999324724,127296.48307580105,264.51172749915594,666421.6992034825,0,127296.48307580105,35.455480900011025
0.00785849791993994,0.0,0.5510522910297972,6399,200,755697.2138843536,123.33671833969913,0.00785849791993994,32.290870699915104,0.16145435349957551,58,0.0001,3810.504951740666,0.031519100069999695,2.6794865000993013,0.0,131334.08849997926,270.8742027267251,637449.6211988326,1,127296.48307580105,35.004026699927635
0.007013814035595828,0.0,0.49113502571692835,6399,200,757161.6382937431,123.60567804170306,0.007013814035595828,32.42085220001172,0.16210426100005862,59,0.0001,3648.3750597212893,0.03192410001065582,2.6165266000898555,0.0,131032.63444118899,263.82128920004476,690391.1093217927,2,127296.48307580105,35.07246169995051
0.006658837153893014,0.0,0.4647046023317648,6399,200,758565.5181927681,123.8643908989399,0.006658837153893014,32.45529579999857,0.16227647899999284,60,0.0001,3048.8688050165915,0.03153779997956008,2.64407330006361,0.0,131433.0222356511,262.34544365778277,742568.0648032554,3,127296.48307580105,35.13540979998652
