data_loss,penalty,gradient_norm,samples,updates,training_seconds,seconds_per_update,epoch,lr,probe_mse,early_stop_counter,seconds
0.20816947938874364,0.0,11.21905685588642,32,1,0.4658466000109911,0.4658466000109911,1,0.0001,188362.4392769385,0,0.6441127000143752
0.2131974834483117,0.0,21.195821758105136,32,1,0.28231040004175156,0.28231040004175156,2,0.0001,296793.84301763703,0,0.4564504000591114
0.3143219482153654,0.0,49.7024708973673,32,1,0.28243869997095317,0.28243869997095317,3,0.0001,185248.30805639975,0,0.45818299998063594
0.2074396547395736,0.0,21.50224606332122,32,1,0.2849127999506891,0.2849127999506891,4,0.0001,200800.9658013394,0,0.460170799982734
0.20559072541072965,0.0,24.82281891666291,32,1,0.2870518999407068,0.2870518999407068,5,0.0001,156645.67631218996,0,0.4587250000331551
0.16502420150209218,0.0,7.200107150798786,32,1,0.28565309999976307,0.28565309999976307,6,0.0001,174324.24727610085,0,0.4701318999286741
0.1942058231215924,0.0,10.85663391684777,32,1,0.28023329994175583,0.28023329994175583,7,0.0001,181874.74298288423,0,0.4513890999369323
0.17571070999838412,0.0,12.029139969528266,32,1,0.2776306999148801,0.2776306999148801,8,0.0001,159486.07329985366,0,0.4761238999199122
0.16457510623149574,0.0,7.9059898651864335,32,1,0.2775823000119999,0.2775823000119999,9,0.0001,139311.00219755125,0,0.44693900004494935
0.1492549073882401,0.0,5.061669077216631,32,1,0.2769733000313863,0.2769733000313863,10,0.0001,135823.8455327584,0,0.44436209998093545
0.15710655529983342,0.0,7.767531571667712,32,1,0.2731457999907434,0.2731457999907434,11,0.0001,131776.71087140468,0,0.4435642999596894
0.14484645635820925,0.0,9.955003791202232,32,1,0.27428000001236796,0.27428000001236796,12,0.0001,113724.1571732833,0,0.43757980002555996
0.120254349661991,0.0,7.1113649684985605,32,1,0.27083000005222857,0.27083000005222857,13,0.0001,101915.17617753774,0,0.4383604000322521
0.11378445941954851,0.0,4.812726785550365,32,1,0.2626663000555709,0.2626663000555709,14,0.0001,100419.86118985679,0,0.43588610005099326
0.10741491848602891,0.0,8.045156337727159,32,1,0.26628980005625635,0.26628980005625635,15,0.0001,82500.29329704243,0,0.4349854000611231
0.08786472177598625,0.0,6.033935991796435,32,1,0.2690007999772206,0.2690007999772206,16,0.0001,62573.970953226955,0,0.44136799999978393
0.0884642496239394,0.0,5.118173916301392,32,1,0.2733716999646276,0.2733716999646276,17,0.0001,56569.43767112437,0,0.43748079997021705
0.0993052083067596,0.0,10.569595027734943,32,1,0.2755993000464514,0.2755993000464514,18,0.0001,45805.40287374768,0,0.4366934000281617
0.07136603322578594,0.0,3.9917897216030305,32,1,0.27035940007772297,0.27035940007772297,19,0.0001,56613.72395781225,0,0.43749889999162406
0.06997839757241309,0.0,11.272156836794034,32,1,0.2699803999857977,0.2699803999857977,20,0.0001,36827.245284174045,0,0.4503847999731079
0.03828977036755532,0.0,3.4379058737102257,32,1,0.28046449995599687,0.28046449995599687,21,0.0001,56399.938866930526,0,0.45620799995958805
0.06738717574626207,0.0,15.121267314628751,32,1,0.27879050001502037,0.27879050001502037,22,0.0001,29255.681586018647,0,0.4491767000872642
0.0373316261684522,0.0,2.949440551132292,32,1,0.2719731000252068,0.2719731000252068,23,0.0001,42727.6770456001,0,0.4492533999728039
0.06401058984920382,0.0,14.672402119571942,32,1,0.27279239997733384,0.27279239997733384,24,0.0001,18474.810769156247,0,0.4394451000262052
0.025200025527738035,0.0,2.7152312231714624,32,1,0.2745884999167174,0.2745884999167174,25,0.0001,38108.294349994045,0,0.44901179999578744
0.040311279881279916,0.0,10.485392568078314,32,1,0.3235297999344766,0.3235297999344766,26,0.0001,15555.645496298965,0,0.5080638999352232
0.029250792518723756,0.0,6.462159068516254,32,1,0.2802374999737367,0.2802374999737367,27,0.0001,17587.45921415497,0,0.468020600033924
0.03387517243390903,0.0,11.696006605788059,32,1,0.2805252999532968,0.2805252999532968,28,0.0001,7598.788366748109,0,0.4547436999855563
0.024725525174289942,0.0,6.40521979311608,32,1,0.27454469993244857,0.27454469993244857,29,0.0001,20620.797762452083,0,0.44150810001883656
0.027229321654886007,0.0,9.159459400316686,32,1,0.27660500002093613,0.27660500002093613,30,0.0001,17202.07654029718,0,0.44983429997228086
0.025001163128763437,0.0,4.946352703064787,32,1,0.27435279998462647,0.27435279998462647,31,0.0001,5413.152530251887,0,0.44516649993602186
0.019843112560920417,0.0,2.012489849279292,32,1,0.2755229000467807,0.2755229000467807,32,0.0001,8965.881145103816,0,0.44585699995514005
0.021355157252401114,0.0,6.739466126188157,32,1,0.27352050004992634,0.27352050004992634,33,0.0001,5775.079363429182,0,0.4458932999987155
0.01590879599098116,0.0,2.2591978091656926,32,1,0.26866830000653863,0.26866830000653863,34,0.0001,11933.889938228906,0,0.4377157000126317
0.015736089320853353,0.0,2.2268206366362993,32,1,0.275544400094077,0.275544400094077,35,0.0001,21052.006764449477,0,0.4454450000775978
0.018834953429177403,0.0,6.694260155158338,32,1,0.2707018000073731,0.2707018000073731,36,0.0001,8053.273789937236,0,0.44553259992972016
0.008593782869866118,0.0,1.2428487592571935,32,1,0.27249010000377893,0.27249010000377893,37,0.0001,6485.02306177808,0,0.45333349995780736
0.014192001894116402,0.0,5.621152967990923,32,1,0.2878398000029847,0.2878398000029847,38,0.0001,4250.6203794044995,0,0.4591313999844715
0.007490357616916299,0.0,1.9379476977418102,32,1,0.2709522999357432,0.2709522999357432,39,0.0001,11550.618426519397,0,0.4497774000046775
0.01457749429391697,0.0,2.761685511340887,32,1,0.2929427999770269,0.2929427999770269,40,0.0001,14384.921232423616,0,0.46640060003846884
0.01873542502289638,0.0,5.875134791884049,32,1,0.29763899999670684,0.29763899999670684,41,0.0001,2304.7624692532117,0,0.47809370001778007
0.0065869146783370525,0.0,3.010963064002877,32,1,0.2822149998974055,0.2822149998974055,42,0.0001,2224.693142223943,0,0.48098979995120317
0.008448797452729195,0.0,3.1686668662354793,32,1,0.295486000017263,0.295486000017263,43,0.0001,2866.403040694614,0,0.5749790999107063
0.006695135991321877,0.0,1.04233061945255,32,1,0.2899839000310749,0.2899839000310749,44,0.0001,5748.541593195713,0,0.4786527999676764
0.008471263747196645,0.0,1.1276298185431002,32,1,0.3141318999696523,0.3141318999696523,45,0.0001,10144.062509093466,0,0.5060387999983504
0.010802096338011324,0.0,2.6040321078521558,32,1,0.28450330009218305,0.28450330009218305,46,0.0001,9261.314380624572,0,0.4614853000966832
0.016697648679837584,0.0,2.3464971905621135,32,1,0.2777912999736145,0.2777912999736145,47,0.0001,10013.821018181148,0,0.4565139999613166
0.011540618077560794,0.0,1.5242666352497196,32,1,0.2893663999857381,0.2893663999857381,48,0.0001,8954.491150921149,0,0.46216820005793124
0.007353030989179388,0.0,1.4250508940337527,32,1,0.2866777000017464,0.2866777000017464,49,0.0001,6286.267992715752,0,0.4703196999616921
0.01043808221584186,0.0,1.363327440920174,32,1,0.2742692999308929,0.2742692999308929,50,0.0001,4848.254654008107,0,0.45241769996937364
0.004294686586945318,0.0,0.979774425448932,32,1,0.2767577999038622,0.2767577999038622,51,0.0001,4745.514762096871,0,0.4540947999339551
0.008150962014042307,0.0,1.7165255752030306,32,1,0.27266779995989054,0.27266779995989054,52,0.0001,8262.498445736468,0,0.4418077999725938
0.006576576550287427,0.0,1.764628623395973,32,1,0.2674581999890506,0.2674581999890506,53,0.0001,8675.616462729446,0,0.4444606000324711
0.005451081589853857,0.0,1.7086288570927846,32,1,0.28640720003750175,0.28640720003750175,54,0.0001,5275.733516252196,0,0.4642638999503106
0.0063064525929803494,0.0,1.3749028738751554,32,1,0.2718078999314457,0.2718078999314457,55,0.0001,2966.4621560428454,0,0.4438176000257954
0.0077398375433404,0.0,1.5641148022444555,32,1,0.2871809999924153,0.2871809999924153,56,0.0001,3934.5828583443854,0,0.460662700003013
0.009834763914113864,0.0,2.785694837560957,32,1,0.2779009999940172,0.2779009999940172,57,0.0001,6053.485291465924,0,0.45504749997053295
0.006793040229240432,0.0,0.9681123430377749,32,1,0.2800394999794662,0.2800394999794662,58,0.0001,8896.373764770884,0,0.4591439999639988
0.006424059276469052,0.0,2.20447806738547,32,1,0.2779961000196636,0.2779961000196636,59,0.0001,7118.718322045179,0,0.4524763999506831
0.00447626385721378,0.0,1.197569612627695,32,1,0.2785116999875754,0.2785116999875754,60,0.0001,5168.919414373468,0,0.44718359992839396
