grouping,group,n,mse,mae,signed_bias,mean_true_price,tail_fraction,sse_share,control_mse,mse_change,sse_change
price_band,high,322,396050.0441715436,538.2632985669723,-529.8865204574869,1355.7998416149069,0.4937888198757764,0.5849245777502046,420933.6313994625,-24883.587227918848,-8012515.087389869
price_band,low,320,158784.1849888588,370.24243735978007,370.24243735978007,300.215140625,0.0,0.23305109885448722,106827.99325905465,51956.19172980414,16625981.353537323
price_band,middle,959,41382.51544098101,163.67232034341532,90.65495263588738,646.2415974973932,0.0,0.18202432339530816,37155.945668525106,4226.56977245591,4053280.4117852184
price_tail,non_tail,1442,75314.20831560559,223.9628903715938,111.37160147907532,620.8359618585298,0.0,0.4981224415216776,65212.170216747814,10102.038098857773,14567138.938552909
price_tail,tail,159,688187.404631883,791.2303735043508,-791.2303735043508,1617.2115031446538,1.0,0.5018775584783224,700139.5572144003,-11952.152582517198,-1900392.2606202343
brightness_band,high,304,102745.15172055936,237.11500926978337,-17.43130497649469,664.8160296052631,0.05921052631578947,0.1432612888148848,103884.05739799107,-1138.9056774317137,-346227.325939241
brightness_band,low,296,179778.20891876458,331.0568927953178,0.7065579679205614,812.8237499999999,0.16891891891891891,0.24407465992871533,169915.1170349709,9863.091883793666,2919475.1976029254
brightness_band,middle,1001,133442.56719737092,278.4059083092925,39.8423531468379,708.9732097902098,0.09090909090909091,0.6126640512563999,123359.15180649281,10083.415390878112,10093498.80626899
laplacian_variance_band,high,318,168772.37959977216,325.6759170974036,22.41403445853227,795.565245283019,0.14779874213836477,0.24616280170782442,159419.6538471693,9352.725752602842,2974166.789327704
laplacian_variance_band,low,308,114121.02232743043,253.05280259938058,69.33612294330224,624.5555032467531,0.06168831168831169,0.16121680219921516,105524.89435838717,8596.127969043264,2647607.4144653254
laplacian_variance_band,middle,975,132518.9683466631,274.10760252866305,6.470801150035369,725.158197948718,0.09538461538461539,0.5926203960929604,125293.35555267373,7225.612793989379,7044972.474139644
padding_band,high,935,139415.90427696132,284.2391279561721,3.7319180776728644,752.9970588235294,0.1144385026737968,0.5978852829756285,138148.25041539967,1267.653861561633,1185256.3605601268
padding_band,low,455,114144.72762533474,261.05218483560583,90.32751457450784,609.9966967032966,0.04835164835164835,0.23821065607355668,100503.66870684495,13641.058918489796,6206681.807912857
padding_band,middle,211,169360.96757860912,304.34970883321535,-46.42721605872204,809.390232227488,0.14218009478672985,0.16390406095081492,144361.87511671486,24999.09246189426,5274808.509459688
orientation,landscape,1557,136180.1421669906,280.3252558309265,20.016517190751927,723.7389280667951,0.10083493898522801,0.9725150440805371,128552.01997930698,7628.122187683631,11876986.246223412
orientation,portrait,44,136191.00849018784,279.40213577903404,82.4205154462294,580.0130681818182,0.045454545454545456,0.02748495591946288,118241.9077695228,17949.100720665025,789760.4317092611
source_long_edge,at_least_320,1546,135920.7861859169,279.4781438044527,17.317273129969024,726.682478007762,0.10155239327296249,0.9638052772837795,128805.97392104588,7114.8122648710005,10999499.761490567
source_long_edge,below_320,55,143479.0960753663,303.3983087517478,145.81301248550417,526.0177272727273,0.03636363636363636,0.03619472271622048,113165.51577641889,30313.580298947392,1667246.9164421065
